ECG,SpO2,Respiration,Pulse,BloodPressure
-14611.955073529412,-3232.5970220588233,-16157.16,0,0
